Student Name,Total Marks Obtained,Grade
Ali,66,C
Ahmed,41,F
Usman,91,A
Hamza,52,C
Hassan,81,B
Hussain,64,C
Bilal,62,C
Saad,91,A
Omar,57,C
Talha,60,C
Zain,69,C
Ayan,88,A
Danish,54,C
Fahad,67,C
Huzaifa,69,C
Abdullah,82,B
Ibrahim,92,A
Yousuf,76,B
Shahzaib,87,A
Waleed,78,B
Areeb,79,B
Arham,75,B
Muneeb,54,C
Rayyan,60,C
Sami,75,B
Taha,57,C
Adeel,31,F
Asad,79,B
Salman,90,A
Rayan,52,C
Ayesha,83,B
Fatima,65,C
Zainab,87,A
Hira,93,A
Maryam,57,C
Aiman,51,C
Laiba,54,C
Iqra,80,B
Sana,94,A
Maham,64,C
Anaya,62,C
Areeba,59,C
Eman,53,C
Aleena,74,B
Mehwish,54,C
Komal,76,B
Hafsa,62,C
Kiran,81,B
Minal,73,B
Noor,60,C
Sarah,46,F
Mahnoor,88,A
Amna,95,A
Rabia,59,C
Mishal,32,F
Anum,94,A
Alina,75,B
Saira,37,F
Sidra,51,C
Madiha,59,C
Junaid,79,B
Kamran,67,C
Imran,93,A
Noman,63,C
Adnan,78,B
Farhan,38,F
Waqas,67,C
Shayan,89,A
Sameer,95,A
Dawood,95,A
Haroon,60,C
Rizwan,62,C
Naveed,53,C
Ahsan,60,C
Sufyan,65,C
Rehan,68,C
Murtaza,75,B
Zubair,60,C
Yasir,71,B
Kashif,50,C
Arslan,79,B
Faisal,87,A
Irfan,33,F
Asim,78,B
Atif,77,B
Ammar,62,C
Naeem,67,C
Rauf,55,C
Shoaib,82,B
Javeria,61,C
Nimra,83,B
Bushra,85,A
Khadija,86,A
Mariam,73,B
Aqsa,52,C
Sabeen,68,C
Sundas,30,F
Arooba,51,C
Hania,77,B
Dua,88,A
